"reddit.com"	"nsfw"	"features"	"request"	"ja"	"tr"	"no"	"de"	"ru"	"nl"	"programming"	"joel"	"lipstick.com"	"freeculture"	"pl"	"fr"	"it"	"sl"	"science"	"ads"	"netsec"	"politics"	"bugs"	"gaming"	"entertainment"	"business"	"gadgets"	"sports"	"pics"	"offbeat"	"technology"	"worldnews"	"funny"	"WTF"	"AskReddit"	"atheism"	"IAmA"	"trees"	"fffffffuuuuuuuuuuuu"	"videos"	"skyrim"	"leagueoflegends"	"AdviceAnimals"	"nfl"	"todayilearned"	"pokemon"	"friendsafari"	"dogecoin"	"nba"	"hockey"	"soccer"	"DotA2"	"fantasyfootball"	"DestinyTheGame"	"CFB"	"news"	"SquaredCircle"	"thebutton"	"pcmasterrace"	"fo4"	"GlobalOffensive"	"SandersForPresident"	"The_Donald"	"thedivision"	"darksouls3"	"Overwatch"	"pokemongo"	"NoMansSkyTheGame"	"RocketLeagueExchange"	"NintendoSwitch"	"gameofthrones"	"movies"	"CryptoCurrency"	"FortNiteBR"	"CircleofTrust"	"thanosdidnothingwrong"	"wow"
1075	0	0	0	0	0	0	0	0	0	0	0	0	0	0	0	0	0	0	0	0	0	0	0	0	0	0	0	0	0	0	0	0	0	0	0	0	0	0	0	0	0	0	0	0	0	0	0	0	0	0	0	0	0	0	0	0	0	0	0	0	0	0	0	0	0	0	0	0	0	0	0	0	0	0	0	0
3664	2	0	0	0	0	0	0	0	0	0	0	0	0	0	0	0	0	0	0	0	0	0	0	0	0	0	0	0	0	0	0	0	0	0	0	0	0	0	0	0	0	0	0	0	0	0	0	0	0	0	0	0	0	0	0	0	0	0	0	0	0	0	0	0	0	0	0	0	0	0	0	0	0	0	0	0
8422	58	204	157	102	40	38	27	14	6	6	0	0	0	0	3	0	0	0	0	0	0	0	0	0	0	0	0	0	0	0	0	0	0	0	0	0	0	0	0	0	0	0	0	0	0	0	0	0	0	0	0	0	0	0	0	0	0	0	0	0	0	0	0	0	0	0	0	0	0	0	0	0	0	0	0	0
11929	37	303	98	118	30	27	35	41	0	1068	148	0	0	17	2	1	0	0	0	0	0	0	0	0	0	0	0	0	0	0	0	0	0	0	0	0	0	0	0	0	0	0	0	0	0	0	0	0	0	0	0	0	0	0	0	0	0	0	0	0	0	0	0	0	0	0	0	0	0	0	0	0	0	0	0	0
17149	38	153	57	41	9	7	14	10	0	1322	158	40	33	15	1	7	0	0	0	0	0	0	0	0	0	0	0	0	0	0	0	0	0	0	0	0	0	0	0	0	0	0	0	0	0	0	0	0	0	0	0	0	0	0	0	0	0	0	0	0	0	0	0	0	0	0	0	0	0	0	0	0	0	0	0	0
24481	38	127	52	33	4	6	3	9	2	1723	93	227	33	1	9	6	0	0	0	0	0	0	0	0	0	0	0	0	0	0	0	0	0	0	0	0	0	0	0	0	0	0	0	0	0	0	0	0	0	0	0	0	0	0	0	0	0	0	0	0	0	0	0	0	0	0	0	0	0	0	0	0	0	0	0	0
26869	25	101	26	36	9	0	5	9	0	1769	95	176	33	2	2	1	0	0	0	0	0	0	0	0	0	0	0	0	0	0	0	0	0	0	0	0	0	0	0	0	0	0	0	0	0	0	0	0	0	0	0	0	0	0	0	0	0	0	0	0	0	0	0	0	0	0	0	0	0	0	0	0	0	0	0	0
34493	46	125	19	20	5	0	17	2	0	1989	54	190	36	4	2	4	3	0	0	0	0	0	0	0	0	0	0	0	0	0	0	0	0	0	0	0	0	0	0	0	0	0	0	0	0	0	0	0	0	0	0	0	0	0	0	0	0	0	0	0	0	0	0	0	0	0	0	0	0	0	0	0	0	0	0	0
46100	63	103	16	21	14	0	8	18	3	3614	112	345	64	2	3	33	25	0	0	0	0	0	0	0	0	0	0	0	0	0	0	0	0	0	0	0	0	0	0	0	0	0	0	0	0	0	0	0	0	0	0	0	0	0	0	0	0	0	0	0	0	0	0	0	0	0	0	0	0	0	0	0	0	0	0	0
43122	113	262	30	56	9	0	5	10	2	6345	106	469	58	4	5	19	52	0	0	0	0	0	0	0	0	0	0	0	0	0	0	0	0	0	0	0	0	0	0	0	0	0	0	0	0	0	0	0	0	0	0	0	0	0	0	0	0	0	0	0	0	0	0	0	0	0	0	0	0	0	0	0	0	0	0	0
47017	67	258	149	122	47	2	5	8	2	5028	220	355	227	3	5	10	36	562	0	0	0	0	0	0	0	0	0	0	0	0	0	0	0	0	0	0	0	0	0	0	0	0	0	0	0	0	0	0	0	0	0	0	0	0	0	0	0	0	0	0	0	0	0	0	0	0	0	0	0	0	0	0	0	0	0	0
50972	3	527	389	117	35	1	7	2	3	6861	538	290	453	0	2	4	10	1798	0	0	0	0	0	0	0	0	0	0	0	0	0	0	0	0	0	0	0	0	0	0	0	0	0	0	0	0	0	0	0	0	0	0	0	0	0	0	0	0	0	0	0	0	0	0	0	0	0	0	0	0	0	0	0	0	0	0
50605	3	121	22	155	22	0	8	2	4	7886	69	161	53	9	1	8	22	1848	0	0	0	0	0	0	0	0	0	0	0	0	0	0	0	0	0	0	0	0	0	0	0	0	0	0	0	0	0	0	0	0	0	0	0	0	0	0	0	0	0	0	0	0	0	0	0	0	0	0	0	0	0	0	0	0	0	0
70939	7	156	36	138	30	0	34	15	2	7650	54	98	101	7	11	11	24	2018	0	0	0	0	0	0	0	0	0	0	0	0	0	0	0	0	0	0	0	0	0	0	0	0	0	0	0	0	0	0	0	0	0	0	0	0	0	0	0	0	0	0	0	0	0	0	0	0	0	0	0	0	0	0	0	0	0	0
81879	16	169	35	85	70	1	26	25	1	10146	76	247	141	10	49	30	16	2605	0	0	0	0	0	0	0	0	0	0	0	0	0	0	0	0	0	0	0	0	0	0	0	0	0	0	0	0	0	0	0	0	0	0	0	0	0	0	0	0	0	0	0	0	0	0	0	0	0	0	0	0	0	0	0	0	0	0
95443	10	337	52	216	79	1	12	22	0	11715	74	262	175	7	24	27	27	3946	0	0	0	0	0	0	0	0	0	0	0	0	0	0	0	0	0	0	0	0	0	0	0	0	0	0	0	0	0	0	0	0	0	0	0	0	0	0	0	0	0	0	0	0	0	0	0	0	0	0	0	0	0	0	0	0	0	0
109743	4	206	36	178	84	1	29	24	2	12272	70	154	119	2	49	17	9	3588	159	0	0	0	0	0	0	0	0	0	0	0	0	0	0	0	0	0	0	0	0	0	0	0	0	0	0	0	0	0	0	0	0	0	0	0	0	0	0	0	0	0	0	0	0	0	0	0	0	0	0	0	0	0	0	0	0	0
149922	7	238	50	161	96	4	31	34	10	14209	54	53	181	6	64	25	12	4817	60	47	0	0	0	0	0	0	0	0	0	0	0	0	0	0	0	0	0	0	0	0	0	0	0	0	0	0	0	0	0	0	0	0	0	0	0	0	0	0	0	0	0	0	0	0	0	0	0	0	0	0	0	0	0	0	0	0
158467	3	280	41	121	61	3	32	22	8	15005	53	0	154	0	25	24	9	4351	11	119	0	0	0	0	0	0	0	0	0	0	0	0	0	0	0	0	0	0	0	0	0	0	0	0	0	0	0	0	0	0	0	0	0	0	0	0	0	0	0	0	0	0	0	0	0	0	0	0	0	0	0	0	0	0	0	0
179382	3	290	49	135	60	6	24	26	5	17816	54	0	185	13	40	14	13	5039	65	92	0	0	0	0	0	0	0	0	0	0	0	0	0	0	0	0	0	0	0	0	0	0	0	0	0	0	0	0	0	0	0	0	0	0	0	0	0	0	0	0	0	0	0	0	0	0	0	0	0	0	0	0	0	0	0	0
179798	3	379	66	84	92	1	37	32	8	18504	76	0	258	7	25	7	11	6520	45	171	18816	152	0	0	0	0	0	0	0	0	0	0	0	0	0	0	0	0	0	0	0	0	0	0	0	0	0	0	0	0	0	0	0	0	0	0	0	0	0	0	0	0	0	0	0	0	0	0	0	0	0	0	0	0	0	0
193942	9	279	60	86	81	0	37	44	1	20753	60	0	242	6	14	51	15	6338	56	133	35566	13	559	438	353	173	168	0	0	0	0	0	0	0	0	0	0	0	0	0	0	0	0	0	0	0	0	0	0	0	0	0	0	0	0	0	0	0	0	0	0	0	0	0	0	0	0	0	0	0	0	0	0	0	0	0
174024	308	49	20	52	84	1	36	40	4	25181	72	1	102	1	19	40	5	12404	88	68	57280	108	1048	1293	881	473	474	0	0	0	0	0	0	0	0	0	0	0	0	0	0	0	0	0	0	0	0	0	0	0	0	0	0	0	0	0	0	0	0	0	0	0	0	0	0	0	0	0	0	0	0	0	0	0	0	0
223377	459	213	99	136	65	35	247	137	11	32838	249	41	126	19	120	82	14	17082	187	134	88473	112	1780	2450	2156	1033	913	0	0	0	0	0	0	0	0	0	0	0	0	0	0	0	0	0	0	0	0	0	0	0	0	0	0	0	0	0	0	0	0	0	0	0	0	0	0	0	0	0	0	0	0	0	0	0	0	0
195181	167	17	9	72	50	1	23	34	1	31726	94	6	2	0	92	32	5	15996	173	100	112025	2	1915	2517	1526	929	689	0	0	0	0	0	0	0	0	0	0	0	0	0	0	0	0	0	0	0	0	0	0	0	0	0	0	0	0	0	0	0	0	0	0	0	0	0	0	0	0	0	0	0	0	0	0	0	0	0
234405	264	33	8	69	59	2	33	60	1	39374	174	2	5	2	46	39	6	18611	40	307	144953	36	2376	4885	3655	1571	812	250	30	10	11	4	18	144	6	0	0	0	6	0	0	0	0	0	0	0	0	0	0	0	0	0	0	0	0	0	0	0	0	0	0	0	0	0	0	0	0	0	0	0	1	0	0	0	0	0
247924	1100	2	2	86	42	11	83	144	31	31063	159	0	1	2	39	130	4	16635	47	193	109893	36	3972	6893	3616	1181	1131	5990	1642	1563	1399	124	780	859	95	0	0	0	48	0	0	0	0	0	0	0	0	0	0	0	0	0	0	0	11	0	0	0	0	0	0	0	0	0	0	0	0	0	0	0	9	0	0	0	0	0
207092	4036	1	2	133	155	3	120	159	32	34642	243	4	0	7	81	180	0	22874	46	360	83375	19	9313	9403	14555	1714	790	25352	2709	2645	12725	10223	3276	1133	917	0	0	0	342	0	0	0	0	0	0	0	0	0	0	0	0	0	0	0	95	0	0	0	0	0	0	0	0	0	0	0	0	0	0	0	11	0	0	0	0	0
140944	2114	3	3	207	51	2	199	116	19	40958	163	3	0	3	68	184	1	31727	107	665	64532	91	10156	19519	25699	2253	1021	34426	3626	9460	28143	20824	4413	4738	1855	0	0	0	967	0	0	0	0	0	0	0	0	0	0	0	0	0	0	0	171	0	0	0	0	0	0	0	0	0	0	0	0	0	0	0	56	0	0	0	0	0
149251	3525	0	1	237	76	2	150	80	26	39830	228	0	1	4	57	159	2	35560	87	521	74204	67	8085	24597	25034	1864	1006	44095	3405	21807	33351	27719	6322	6154	3718	0	0	0	1390	0	0	0	0	0	0	0	0	0	0	0	0	0	0	0	342	0	0	0	0	0	0	0	0	0	0	0	0	0	0	0	74	0	0	0	0	0
125032	6899	2	0	144	35	2	100	44	14	36729	44	3	1	10	42	104	1	30926	46	673	74453	55	11242	23187	14485	2895	1740	40568	8840	27461	37939	25889	25053	14123	9854	0	0	0	3851	0	0	0	0	0	0	0	0	0	0	1	0	0	0	0	906	0	0	0	0	0	0	0	0	0	0	0	0	0	0	0	249	0	0	0	0	0
117335	5607	0	0	195	47	1	131	82	4	39930	66	1	1	1	64	85	2	27827	54	716	69812	16	13162	22940	15506	2886	1593	38209	9042	25020	38002	26346	31589	16598	12941	0	0	0	4485	0	0	0	0	0	0	0	0	0	1	1	0	0	0	0	1644	0	0	0	0	0	0	0	0	0	0	0	0	0	0	0	387	0	0	0	0	0
112836	5563	2	0	82	34	1	100	16	6	35685	75	0	1	3	37	75	4	28513	112	758	76559	21	11256	21060	9734	2661	2066	40279	10655	24150	38207	25161	35144	18919	13099	0	0	0	5393	0	0	0	0	0	0	0	0	0	0	8	0	1	0	0	1904	0	0	0	0	0	0	0	0	0	0	0	0	0	0	0	554	0	0	0	0	0
126394	5757	0	0	102	21	2	137	29	7	32883	76	0	0	4	53	59	7	28465	155	834	122194	10	14328	15099	21932	3062	2371	36081	10608	24122	32215	24728	36461	23719	10333	0	0	0	6537	0	0	0	0	0	0	0	0	0	4	26	0	0	0	1	2478	0	0	0	0	0	0	0	0	0	0	0	0	0	0	0	668	0	0	0	0	0
141042	6283	0	0	130	41	1	111	44	7	36871	66	0	0	8	31	120	2	28881	143	776	143675	23	15908	14882	26900	3009	2608	46277	15036	27441	28605	29560	39089	30723	15877	0	0	0	8784	0	0	0	0	0	0	0	0	0	30	23	0	0	0	0	2371	0	0	0	0	0	0	0	0	0	0	0	0	0	0	0	1011	0	0	0	0	5
137814	7319	0	0	149	61	3	184	59	9	37035	90	0	0	5	66	139	5	30051	129	452	105362	13	18350	14744	25364	3728	2352	53562	12689	25549	39885	31069	46225	34824	17375	0	0	0	9376	0	0	0	0	0	0	0	0	0	32	27	0	0	0	0	2698	0	0	0	0	0	0	0	0	0	0	0	0	0	0	0	1116	0	0	0	0	18
144560	8410	0	0	144	24	7	147	108	23	44840	46	0	1	6	111	124	0	33725	106	819	67176	35	19372	17713	19383	2912	2890	49877	13728	33362	42641	35686	50856	62211	33086	0	0	0	9118	0	0	0	0	16	0	0	0	0	125	57	0	0	0	0	3656	0	0	0	0	0	0	0	0	0	0	0	0	0	0	0	1686	0	0	0	0	10
170315	9106	0	0	195	51	7	182	68	23	56772	66	0	1	11	121	177	1	33965	241	821	86497	12	24190	15634	15391	3659	3434	62530	16692	36402	76578	46202	56340	82261	43687	0	0	5	10848	0	0	0	0	164	0	0	0	0	100	79	0	0	0	0	4571	0	0	0	0	0	0	0	0	0	0	0	0	0	0	0	2684	0	0	0	0	10
150049	6758	0	0	130	12	3	196	74	51	47817	61	0	1	5	64	233	4	35830	121	987	77855	7	28259	15242	20054	2680	2544	60420	12460	34813	51263	36420	51215	82020	29956	0	0	3	9934	0	0	0	0	82	1	0	0	2	65	76	0	0	0	0	4310	0	0	0	0	0	0	0	0	0	0	0	0	0	0	0	2509	0	0	0	0	19
159696	6215	0	0	230	3	3	356	123	42	55057	48	0	0	15	66	204	2	38766	172	896	82233	19	25175	15132	21893	3184	2021	67332	12988	41427	48053	41948	62556	99029	39202	0	0	7	9643	0	0	0	0	145	0	0	0	0	249	103	0	0	0	0	4690	0	0	0	0	0	0	0	0	0	0	0	0	0	0	0	2791	0	0	0	0	28
162762	5747	0	0	294	4	2	406	97	18	51239	45	0	0	20	80	219	0	37402	431	1131	80227	10	26780	14508	11442	3686	2620	74961	13278	35053	47842	40048	62977	130235	55811	0	0	44	12090	0	0	0	0	1427	0	0	0	0	608	138	0	0	0	0	4960	0	0	0	0	0	0	0	0	0	0	0	0	0	0	0	2965	0	0	0	0	29
180411	6075	0	0	290	7	8	275	128	25	53307	63	0	0	19	246	206	6	48005	451	680	83222	11	37209	14850	11789	3910	3736	73020	13818	30338	40552	40880	72228	172018	65779	3641	0	84	12746	0	0	0	0	1847	0	0	0	0	720	165	0	0	0	0	5251	0	0	0	0	0	0	0	0	0	0	0	0	0	0	0	4319	0	0	0	0	110
181479	5672	0	0	109	5	1	255	39	4	58435	51	0	0	0	39	198	0	45010	495	1137	92414	8	52555	16014	16046	3178	3986	74226	13201	36784	53478	45456	73944	146015	62508	10423	0	118	11518	0	0	0	0	2536	0	0	0	2	627	384	0	0	0	0	5353	0	0	0	0	0	0	0	0	0	0	0	0	0	0	0	6975	0	0	0	0	46
197129	6704	0	0	95	4	0	102	39	1	65219	38	0	0	1	22	278	0	50523	436	1648	103521	7	55863	13864	14650	4324	4302	91997	13663	47160	56581	55445	84177	176685	62698	30258	0	184	13186	0	0	0	4	4856	0	0	0	1	492	597	0	0	0	0	6622	0	0	0	0	0	0	0	0	0	0	0	0	0	0	0	7431	0	0	0	0	90
208198	6962	0	0	70	1	0	176	7	2	60676	53	0	0	1	20	146	0	47318	1009	1398	124178	4	56228	12446	11072	3140	4035	103906	15481	41448	46669	56606	87203	304714	61656	94134	0	982	16533	0	0	0	18	7694	0	0	0	0	986	1035	0	3	0	0	6840	0	0	0	0	0	0	0	0	0	0	0	0	0	0	0	7758	0	0	0	0	265
232186	7165	0	0	56	0	0	254	5	5	77199	30	0	0	1	12	217	0	48308	647	1363	144365	9	62924	15243	10042	871	5513	104512	15757	40131	47916	57767	94789	365304	61296	143371	0	1341	13597	0	0	0	26	10794	0	0	0	3	1476	1307	0	562	0	0	8675	0	0	0	0	0	0	0	0	0	0	0	0	0	0	0	9554	0	0	0	0	312
240047	6893	0	0	32	1	0	197	8	3	72632	43	0	0	4	14	63	1	61393	661	2171	114215	3	73257	13316	10603	3126	6629	121403	14580	35666	55218	64138	106144	450514	60181	183706	3055	3265	16289	0	0	0	37	11056	0	0	0	5	1950	1413	0	806	0	0	9195	0	0	0	0	0	0	0	0	0	0	0	0	0	0	0	10193	0	0	0	0	330
212540	6910	0	0	14	5	0	153	6	3	60898	28	0	0	1	12	7	0	57572	133	1751	123988	9	103623	13091	10355	3305	6924	125067	13584	30767	52686	58022	95911	498084	57164	125087	5323	21623	15067	0	0	0	34	11344	0	0	0	5	1452	2144	0	565	0	0	8482	0	0	0	0	0	0	0	0	0	0	0	0	0	0	0	11664	0	0	0	0	755
269354	6780	0	0	14	1	0	162	9	1	57880	22	0	0	0	8	11	0	67477	272	1255	129555	24	112187	13170	9463	3164	8887	170566	14912	37210	67205	69888	94708	558862	75507	118689	8624	27226	15246	0	0	0	29	13601	0	0	0	93	1507	1580	0	495	0	0	7497	0	0	0	0	0	0	0	0	0	0	0	0	0	0	0	17632	0	0	0	0	1721
300476	7697	0	0	12	2	0	133	11	2	66474	28	0	0	0	14	12	0	70028	440	2303	146922	4	113877	16801	10573	5144	10175	198009	15419	49710	65451	80320	114836	623825	71549	135360	18314	20700	18558	0	95	0	164	16097	0	0	0	4	2534	1065	0	63	0	0	8453	0	0	0	0	0	0	0	0	0	0	0	0	0	0	0	16894	0	0	0	0	3920
281768	6259	0	0	17	1	0	152	8	3	65056	14	0	4	0	41	9	2	72123	242	2522	133735	19	117687	10766	10512	3886	7316	193911	13108	38071	56169	79354	98377	571983	61579	123403	23126	27592	19623	0	64	0	44	18063	0	0	0	8	3327	1616	0	23	0	0	7989	0	0	0	0	0	0	0	0	0	0	0	0	0	0	0	16259	0	0	0	0	4569
305067	7120	0	0	99	1	0	182	12	3	65317	27	0	1	1	16	7	0	71926	314	2844	184497	14	150672	13275	10094	5388	8371	247060	15617	40235	69017	92378	119211	680055	70636	123482	39645	24310	21833	0	101	0	16	25399	191	0	0	13	3127	4116	0	16	0	0	8739	0	0	0	0	0	0	0	0	0	0	0	0	0	0	2	22329	0	0	0	0	6146
315930	7946	0	0	9	1	2	331	5	2	64311	13	0	1	0	9	7	0	59806	223	2567	172075	38	137959	12051	9826	5248	9869	282904	14367	47184	66465	102442	116892	609568	71603	99536	42441	25810	23318	0	367	0	29	24499	796	0	0	22	9180	9072	0	3	0	0	8153	0	0	0	0	0	0	0	0	0	0	0	0	0	0	0	16041	0	0	0	0	5678
275559	7478	0	0	10	1	0	202	14	3	50474	20	0	22	0	16	9	0	61970	302	2610	153493	28	137873	12912	8084	5169	9110	307197	15765	41477	69726	106580	131562	618301	75124	114389	41210	25539	26825	0	2553	0	24	21011	1133	0	0	53	8984	12428	0	4	0	0	8844	0	0	0	0	0	0	0	0	0	0	0	0	0	0	0	15360	0	0	0	0	4287
285530	8595	0	0	12	0	0	239	15	1	44598	11	0	36	0	9	5	0	66993	157	2855	170725	33	158023	12687	9177	5539	13222	329176	14999	44775	79911	99006	131668	686219	78251	124454	43471	31662	27277	0	3961	0	5	24337	904	0	0	80	4606	57077	0	60	0	0	10553	0	0	0	0	0	0	0	0	0	0	0	0	0	0	2	16688	0	0	0	0	8795
268383	8479	0	0	9	2	0	240	13	0	47459	4	0	7	0	11	8	0	57789	796	3511	155433	33	173494	20239	11763	7406	15144	335526	21112	45639	66751	115459	139201	839395	99272	172904	62304	42743	31463	0	6914	0	14	28763	1088	0	0	77	3096	35000	0	335	0	0	12225	0	0	0	0	0	0	0	0	0	0	0	0	0	0	0	30271	0	0	0	0	11590
285611	9273	0	0	10	0	0	238	10	1	53581	8	0	16	0	3	3	0	56885	966	4148	166897	58	156839	12410	9552	7608	11341	354202	21978	42287	65546	122207	148799	856959	98170	178706	81766	53422	39026	0	7536	0	4704	30985	1673	0	0	49	4266	17925	0	1657	0	0	12914	0	0	0	0	0	0	0	0	0	0	0	0	0	0	0	28322	0	0	0	0	11225
310041	11027	0	0	4	0	14	187	8	2	49638	7	0	27	0	13	14	0	60170	1986	3893	206643	76	171555	15824	11769	8205	13218	423295	24072	46624	62576	138344	159290	780008	122629	186787	118320	78321	44636	0	7504	0	11335	37466	1790	0	0	123	4894	13733	0	7041	0	3566	14647	0	0	0	0	0	0	0	0	0	0	0	0	0	0	0	25372	0	0	0	0	13106
303382	12060	0	0	7	4	0	344	23	0	54978	16	0	8	0	6	9	0	62801	1064	4452	210480	27	203424	14604	10515	7904	16676	430710	21124	45742	67291	141502	170614	810680	129051	189250	127657	91434	45011	0	10712	0	14554	44529	1692	0	0	1755	7567	14726	74	6553	0	5264	17454	0	0	0	0	0	0	0	0	0	0	0	0	0	0	37	28638	0	0	0	0	20350
325653	11664	0	0	2	5	0	290	16	5	57470	6	0	15	0	22	3	0	66700	966	5038	243931	77	244828	16702	11142	8323	19589	487514	25201	47641	80233	165341	196335	875973	139363	210891	131064	106991	54423	0	13782	0	24997	47765	3272	0	0	5204	7362	17094	100	7979	0	7421	15476	0	0	0	0	0	0	0	0	0	0	0	0	0	0	61	32193	0	0	0	0	26998
334260	12182	0	0	15	4	0	254	12	1	55597	8	0	14	0	13	0	0	65538	926	4501	225594	76	287402	16333	11594	9832	19656	487970	25873	50166	93829	177697	205392	868018	165454	206380	154786	150126	52739	166	14945	9384	32950	49672	3133	0	0	5137	10516	19152	65	6056	0	7240	17082	0	0	0	0	0	0	0	0	0	0	0	0	0	0	60	34370	0	0	0	0	39068
336205	13483	0	0	3	0	0	400	14	2	58709	5	0	8	0	11	26	0	74373	563	4830	249219	64	282692	17657	11602	9341	20696	548976	24226	57794	99724	197755	235410	951069	199586	199333	146564	169982	64325	673	20820	11413	41850	55756	4354	0	0	6314	12721	27094	60	445	0	9147	19297	0	0	0	0	0	0	0	0	0	0	0	0	0	0	83	41259	0	0	0	0	34234
326442	11672	0	0	3	5	0	332	15	9	52281	2	0	7	0	3	39	0	46349	478	4767	254932	44	246901	12564	7664	9281	16647	515939	21912	52585	104611	201203	198088	962096	179172	190676	134643	174003	72636	1064	21933	12355	16806	68882	6278	0	0	10499	15607	30262	40	49	0	4004	14559	0	0	0	0	0	0	0	0	0	0	0	0	0	0	85	37100	0	0	0	0	27459
379566	12291	0	0	12	0	0	567	6	3	44909	0	0	0	0	4	48	0	45315	454	5269	316521	130	296778	10595	9219	6951	13876	581447	20558	53487	153477	227531	187386	1187170	192947	309899	149551	268578	122868	1099	30034	13295	8906	97398	29369	0	0	15479	17573	30280	161	119	0	2170	17500	0	0	0	0	0	0	0	0	0	0	0	0	0	0	363	32956	0	0	0	0	22935
354757	12458	0	0	12	0	0	460	21	8	36348	0	0	7	0	0	29	0	41159	437	3832	276770	151	328187	7823	7282	5934	14814	615140	16103	41963	112089	237067	173039	1113897	176994	285035	158675	323465	134405	915	37149	11219	12719	111621	24696	0	0	17943	31241	36978	167	139	0	2415	14659	0	0	4	0	0	0	0	0	0	0	0	0	0	0	7607	31651	0	0	0	0	16349
394165	15399	0	0	10	1	0	571	22	0	32841	4	0	8	0	4	59	0	45463	410	4564	299355	304	369690	8122	6659	6904	15280	692414	18393	50717	134407	282410	169740	1461819	213402	270935	163288	372375	164812	1454	51709	15151	12394	130072	22665	0	0	33850	31254	42652	114	107	0	3102	19901	0	0	32	0	0	0	0	0	0	0	0	0	0	0	17001	39040	0	0	0	0	19503
446946	15107	0	0	5	3	0	487	15	2	37853	5	0	2	0	1	61	0	41261	393	7702	315783	358	464488	9073	6340	6542	16464	787161	18408	56559	130947	316939	137910	1648353	222720	313323	181053	377425	182244	4525	69740	18740	12180	132007	19221	0	0	28872	35502	41937	224	464	0	4186	18007	426	0	0	0	0	0	0	0	0	0	0	0	0	0	38275	44622	0	0	0	0	21959
521985	17084	0	5	3	1	3	898	3	2	33157	3	0	7	0	4	78	0	36687	448	4858	347975	214	433680	8982	6456	5934	13971	887611	16673	50856	136105	352145	177542	1552053	240555	282589	215506	448409	214793	3624	87845	26490	23262	123073	18409	0	0	10647	13412	51292	802	2001	0	6092	22838	7733	0	1	0	0	0	0	0	0	0	0	0	0	0	22588	52600	0	0	0	0	27136
556379	18504	0	22	3	0	1	890	3	0	33143	3	0	33	0	4	75	0	37336	403	5564	307820	167	529833	8497	7901	9124	13542	974042	16184	52464	158143	437647	178864	1801041	255684	402359	283124	426756	217428	15314	142021	37179	43855	159786	25682	0	0	7054	15731	67411	21976	14955	0	18131	21493	12818	0	0	0	431	0	0	0	0	0	0	0	0	0	22555	41884	0	0	0	0	34502
523361	20729	0	20	8	1	0	905	6	2	32398	7	0	111	0	3	30	0	35588	418	3269	291322	197	464704	7523	6662	5949	14262	932891	15671	47479	142786	466584	182640	1795782	242124	340688	263946	361391	207355	21594	129855	37761	79484	153302	23636	0	0	6337	14847	56817	22841	40449	0	34997	21065	10612	0	3	0	197	0	0	0	0	0	0	0	0	0	17947	41115	0	0	0	0	27544
369989	18838	0	36	18	1	0	979	88	1	34302	6	0	43	0	0	62	0	31492	637	3339	394660	183	491785	7855	6879	6572	15350	987215	15619	62447	134292	596044	237494	1864163	364546	347483	320675	397179	245959	36971	130532	47494	108282	168272	24633	0	0	7150	24215	48355	17607	40070	0	44657	26567	15306	0	1	0	444	0	0	0	0	0	0	0	0	0	16351	42519	0	0	0	0	34147
2432	18301	0	25	1	0	1	788	34	2	33703	6	1	63	0	0	71	0	50398	522	3274	360620	317	590175	6740	8668	6802	18427	650692	16448	68045	137686	680946	342804	1742827	449562	343495	317776	401964	231503	350609	155054	109624	130710	146991	23674	0	0	10687	28387	52615	46750	30080	0	72969	24820	17601	0	0	0	383	0	0	0	0	0	0	0	0	0	12271	57136	0	0	0	0	27362
289	19180	0	14	1	1	0	857	39	0	28994	2	1	112	0	0	37	0	47186	483	4071	437172	183	526150	7901	7654	7303	16745	617114	16406	86096	158037	755317	376423	1845296	479149	363407	319033	378888	261872	235119	189511	160802	145447	170597	26229	0	0	43067	34932	60060	39491	25568	0	53044	24737	25981	0	1	0	513	0	0	0	0	0	0	0	0	0	11883	85973	0	0	0	0	32060
0	19757	0	20	2	0	0	1273	30	2	29098	1	0	69	0	0	45	1	53502	621	3582	490570	235	516806	7669	7792	8117	16471	748020	17641	99263	169034	911180	440164	2086472	513039	343488	349873	368604	272573	141012	214372	209725	184585	164759	32668	0	0	53684	44772	78563	41951	2476	0	41048	26386	33965	0	5	0	297	0	0	0	0	0	0	0	0	0	13822	102658	0	0	0	0	31615
0	17736	0	47	1	0	0	1282	33	0	27164	3	1	138	0	0	110	0	60669	685	3209	389673	264	512394	6910	8502	6130	12902	657561	16495	98655	157303	842489	428049	2157800	520265	294730	324059	322281	276553	89955	200801	232219	83780	181047	57010	0	0	70846	39691	81011	45910	844	0	27438	28212	30990	0	6	0	2374	0	0	0	0	0	0	0	0	0	15765	95967	0	0	0	0	35734
0	21988	0	38	0	0	1	1289	23	0	33452	1	0	154	0	0	88	0	58304	1042	4357	449803	225	629557	7212	7929	6056	11304	715613	17521	115716	167929	952061	467147	2351844	522172	292335	352673	354579	302444	62748	222400	275341	140779	204036	81823	0	0	87190	50276	92396	52293	1300	0	16526	32702	28948	0	18	0	3704	0	0	0	0	0	0	0	0	0	24911	108325	0	0	0	0	43755
0	20538	0	96	2	0	7	1292	35	0	36009	1	0	129	0	1	70	0	69946	804	3919	370600	250	575850	6046	7797	5861	10176	834389	12535	105656	160956	1022384	514966	2491887	518284	352667	369437	315118	310475	65308	285188	266593	128198	212222	79801	0	0	99419	135884	153904	65483	1450	0	23313	38543	56036	0	6	0	2720	0	0	0	0	0	0	0	0	0	71074	115687	0	0	0	0	42675
0	21496	0	43	1	0	0	1382	21	0	32986	0	0	82	0	0	73	0	70967	668	3487	407570	195	610499	7208	10298	5481	14318	839128	16546	119344	190601	1081656	554755	2902976	486215	330611	371407	257672	317298	56572	288246	309116	92286	254449	84342	0	0	169512	71661	144296	61511	2231	0	33854	40428	45712	0	2	0	1612	0	0	0	0	0	0	0	0	0	120779	154151	0	0	0	0	35991
0	21307	0	7	0	1	0	1514	5	0	31693	1	1	130	0	0	222	0	74050	997	4788	417406	195	725235	5770	7820	6950	12887	805579	17536	146936	192127	1100786	552059	3277936	514382	345905	380136	265241	329899	79597	358119	305099	71543	252136	95346	0	0	146319	56063	187079	85018	4781	0	33113	40621	47372	0	53	0	1379	0	0	0	0	0	0	0	0	0	87069	182512	0	0	0	0	29244
0	23751	0	45	2	0	0	1869	28	0	31066	0	0	77	0	0	44	0	73998	1061	4717	499111	256	900037	6626	9374	6619	14669	831147	19090	154792	194168	1197050	653367	3447758	517661	383526	442057	263390	390568	83696	383597	379256	93848	315156	116832	0	0	130077	61041	124931	95222	11284	0	53631	63451	58500	0	23	0	1324	0	0	0	0	0	0	0	0	0	48492	211700	0	0	0	0	36995
0	21229	0	22	0	0	0	2290	10	0	32101	0	2	102	0	0	117	0	91247	602	5886	604885	238	677634	6733	9138	5965	12972	932352	17216	168998	247466	1247661	709076	3743195	456186	427754	384817	242666	365572	75873	527475	422947	165237	335367	120546	0	0	86753	42811	152174	97071	38119	0	81885	58244	47941	0	16	0	14881	0	0	0	0	0	0	0	0	0	40861	216260	0	0	0	0	51707
0	21380	0	12	1	1	0	1958	43	0	27036	0	0	43	0	0	44	0	81375	521	4207	552766	185	608105	6743	7887	7583	9599	857363	15761	177141	287433	1198516	676827	3146456	382087	404727	278539	153607	329318	50560	411580	413356	343723	307876	83233	0	0	53160	35734	106594	113994	115029	0	143011	55191	47190	0	164	0	8004	0	0	0	0	0	0	0	0	0	28436	172788	0	0	0	0	61725
0	21906	0	25	0	1	0	2514	14	0	26689	0	2	84	0	2	58	0	83268	387	4381	614151	329	569665	6469	8471	7833	10898	915955	19008	156223	230617	1206917	697642	3203694	324005	379910	283757	130747	388816	40203	613034	368840	344314	326844	109247	0	0	76456	37163	110015	121845	119165	0	174335	48895	55844	0	115	0	7229	0	0	0	0	0	0	0	0	0	25744	183854	0	0	0	0	64499
0	20618	0	9	1	0	0	2548	17	0	26184	0	0	116	0	0	33	0	79410	386	3385	601012	227	640524	6174	8478	7923	7945	836499	15562	160700	272576	1148321	683833	3213450	289142	327383	309953	111418	328015	49971	524409	389042	355081	304282	84735	0	0	143353	27647	108749	118394	95655	0	241257	42578	52322	0	176	0	6303	0	0	0	0	0	0	0	0	0	20230	201535	0	0	0	0	51362
0	23938	0	12	1	0	0	2222	24	0	27107	0	0	102	0	0	45	0	79759	350	2554	472549	210	658041	6287	7522	7060	8448	909534	13557	159449	276976	1266495	698423	3508573	284906	387468	323888	97686	356542	63140	504938	463837	465299	346063	80110	0	0	161339	36759	133121	132220	71447	0	157229	68637	63283	0	209	0	6250	0	0	0	0	0	0	0	0	0	19515	194728	0	0	0	0	47926
0	21808	0	41	6	0	0	2894	6	0	36153	0	0	200	0	0	66	0	89840	467	4788	506809	331	703469	5972	8535	7811	11062	1019998	15348	203172	280247	1438825	769726	4372593	305887	388677	345493	88084	380089	65615	520260	614477	446887	384907	159410	0	0	208309	119906	153845	162948	5705	0	185044	65623	85894	0	86	0	8427	0	0	0	0	0	0	0	0	0	22554	211542	0	0	0	0	58200
0	17687	0	44	0	1	0	2720	8	0	28956	0	1	106	0	0	65	0	76238	397	3082	433931	333	595263	5132	7974	6211	7081	847750	12833	197048	285097	1128445	634193	3547164	355077	346548	284711	69113	401360	65979	503261	601382	230732	380525	130522	0	0	199210	144870	142763	130576	2670	3190	73439	89314	79468	0	351	0	9173	0	0	0	0	0	0	0	0	0	25736	175097	0	0	0	0	48316
0	17175	0	54	1	1	0	2859	41	0	30959	0	1	70	0	0	54	0	90009	1048	3386	418408	241	676822	5785	7564	7489	8008	963866	14900	197136	368524	1236472	736997	4010835	413245	339115	297982	60570	419472	64147	590795	771300	252194	416854	127707	0	0	245796	192825	170664	154415	3624	2071	64286	69717	78636	0	1206	0	8862	0	0	0	0	0	0	0	0	0	43490	196159	207	0	0	0	56125
0	15606	0	37	0	4	0	3382	15	0	29105	0	0	149	0	0	175	0	100134	1241	3817	455890	314	654313	5138	7040	5478	7547	1068815	14086	199333	507245	1295530	858394	3995682	436127	389717	290903	46597	476271	54382	664824	921829	245631	431955	131696	0	0	301461	205059	191347	160777	3818	1064	71856	248830	119013	0	1475	0	12071	0	0	0	0	0	0	0	0	0	122265	207199	651	0	0	0	53771
0	16438	0	101	1	0	0	3813	52	0	31395	0	0	194	0	0	79	0	99332	1056	4173	440744	267	784373	5306	7427	6278	6607	1033556	13294	210553	397357	1277342	852917	3940326	429107	335798	261822	38390	476389	48280	658316	944698	201957	425449	133371	0	0	391516	328866	223172	218851	7839	2362	65645	184904	82433	0	5086	0	21892	0	0	0	0	0	0	0	0	0	121957	244021	505	0	0	0	59101
0	15922	0	78	2	1	0	3903	46	0	31071	0	0	79	0	0	147	0	82450	1069	3233	414192	274	1454981	4348	6415	6585	7137	892253	13343	205850	334723	1143847	771688	3904350	374003	321387	229086	42620	428057	50907	681520	832111	181426	418554	120418	0	0	336507	249272	205500	207592	11449	4406	79026	161356	88133	0	13694	0	22333	0	0	1449	0	0	0	0	0	0	177758	212144	201	0	0	0	60750
0	13658	0	40	0	4	0	3852	52	0	28793	0	0	84	0	0	45	0	99453	794	3819	417265	371	988885	6461	7346	5619	6551	976259	13202	170223	399545	1227031	832563	4336796	196106	326635	251574	40581	524737	59309	721013	972942	209781	461474	124917	0	0	288220	166522	211003	249587	26641	1733	105009	227390	123330	0	16842	0	26618	0	0	458	0	0	0	0	0	0	49232	282376	175	0	0	0	63251
0	13398	0	26	2	0	0	3124	45	1	27373	0	0	114	0	0	28	0	96671	1123	4235	325334	309	798011	5397	8583	6176	6826	897379	12556	210999	391544	1168476	849997	3930606	133090	293457	230131	36831	476097	57943	749706	999033	327163	436515	123788	0	0	177924	95300	282549	312604	89156	1312	158374	200960	144479	0	26106	0	45091	0	0	350	0	0	0	0	0	0	31558	259369	143	0	0	0	66724
0	13080	0	23	2	0	0	4328	12	0	30753	0	0	80	0	0	48	0	92580	1433	3572	289758	206	714823	4096	6575	6174	6712	737416	10502	188295	408585	1000742	711042	3552835	122096	283478	187030	23999	396242	36005	775534	768528	652503	357903	139178	0	0	107926	103390	227508	214045	280609	1201	324728	189442	110381	0	49661	0	43473	0	0	212	0	0	0	0	0	0	21705	192048	113	0	0	0	63631
0	14452	0	43	6	0	0	3986	29	0	37365	0	0	56	0	0	47	203	98046	1000	4054	383427	230	611517	5190	7659	6254	7810	736602	15009	210055	359519	1036692	694233	4095624	114620	323248	210591	25779	411381	32221	840826	935867	626706	459106	570927	499215	0	179122	264440	203808	229814	366440	2361	350265	256961	118982	0	85555	0	46391	0	0	92	0	0	0	0	0	0	21062	214783	136	0	0	0	57524
0	12315	1	34	1	10	0	4646	5	0	35392	0	2	35	0	0	41	239	75544	1410	3663	246923	303	801640	4063	7928	5934	6085	760330	13931	209942	344031	1033987	728330	4129546	130278	245023	208436	21603	511102	33488	743559	1016319	616176	435105	233842	1080337	0	337125	267554	203120	284578	282831	2192	387897	221878	114555	0	136923	0	55267	0	0	257	0	0	0	0	0	0	22269	212137	833	0	0	0	94983
0	13048	11	33	4	0	0	4147	18	1	35366	0	6	20	0	0	66	104	74569	1457	3378	231486	352	593321	4680	7530	7801	7734	806994	13116	217188	389555	1127964	731974	4306082	136534	237017	226567	20822	500566	42849	752589	1068517	691863	450181	175930	736469	185834	348566	288296	268930	263259	181054	3014	326315	244224	126304	0	198404	0	71617	229	0	509	0	3	0	0	0	0	17846	240598	4685	0	0	0	78005
0	15442	9	55	2	0	0	5593	72	6	37038	0	7	76	0	0	145	49	86906	1227	4746	250320	230	621824	4913	10597	7860	27591	836078	11734	239018	440293	1149728	646918	4392117	140195	402249	265798	20736	505255	57061	834150	1071396	635687	484446	158003	664079	449300	363399	341199	280386	295748	9889	1938	273925	264847	213043	0	201802	0	85475	58	0	280	0	0	0	0	0	0	27654	257928	5447	0	0	0	87213
0	11848	2	30	0	0	9	5620	24	0	36517	0	0	34	0	0	60	105	79451	1238	2722	209800	308	500583	5474	8023	6255	23646	724463	13358	201047	346172	1033206	592846	3730249	146953	336017	237312	17016	442861	46701	786264	1124775	329958	408767	109508	316623	586761	361195	290081	244903	261332	6391	2015	88750	240164	226575	0	174526	0	102045	6	0	162	0	0	0	0	0	0	27574	214946	13592	0	0	0	84304
0	14554	5	18	4	2	10	4971	25	2	34492	0	0	15	0	0	2	42	95817	1629	2752	214429	337	511770	4762	9505	6566	21046	731285	14442	233781	639733	1109581	625789	4137242	151505	293885	223346	16252	451057	38381	833303	1234290	333755	476574	86572	288223	332185	381765	382463	293800	291255	8140	2689	91636	343530	228982	0	193943	0	128812	84	0	205	1	0	0	0	0	0	33647	245404	11113	0	0	0	87371
0	13231	1	28	3	1	16	4832	43	2	37629	0	8	10	0	0	1	63	89943	1455	3838	234795	345	428173	4438	8161	5916	29436	713433	14148	188801	438622	993558	583902	4240776	155154	256064	202875	15712	521628	39972	832578	1218326	302659	470928	72079	229291	489123	566918	479080	379659	323857	9327	6627	107662	306415	314202	0	207103	0	135932	177	0	238	4	0	0	0	0	0	175536	248595	5830	0	0	0	89456
0	12544	1	33	5	8	8	6944	15	1	39822	0	0	19	0	0	1	25	77195	1197	4131	208054	387	443173	3947	7523	13267	30510	720931	13760	143746	450551	988620	559950	4100292	147156	224797	184825	14433	521212	34805	906993	846433	384522	481338	116149	221252	479489	604055	376855	342815	412372	15151	7071	100381	273893	218497	0	263175	0	147737	459	0	230	1	0	0	0	0	0	181782	284265	4867	0	0	0	83842
0	13163	0	12	6	1	9	8386	17	1	36409	0	0	15	0	0	0	16	78944	1626	3001	238573	302	513813	3778	7591	17592	36269	663793	11860	122650	407088	873004	519067	4075431	131665	240254	179895	14286	524502	32563	874344	637465	237499	447318	101996	233716	197502	495205	205969	897252	401457	18748	39988	107047	326152	246952	0	367807	0	128835	159	0	1044	2	0	0	2386	0	0	285518	253548	4721	0	0	0	84313
0	14194	0	39	4	1	31	8362	26	2	42148	0	1	14	0	0	0	58	73684	1391	3244	240518	291	434706	4300	8330	23404	40942	740742	12347	129235	778955	1001624	500814	4829430	145061	278585	199470	15793	546512	44240	947936	658448	277020	509271	106634	274481	138714	700960	169358	598017	542212	44184	150125	152516	334540	302638	0	379614	0	172596	276	0	597	0	0	0	4661	0	0	68527	288719	4440	0	0	0	111025
0	15596	0	23	0	0	11	6930	12	0	35533	0	1	35	0	0	0	5	75158	702	2568	216458	478	488488	4910	8675	20185	27586	788856	11838	153823	756978	963596	442732	4658903	141244	250876	207167	14322	620370	45229	1055310	682945	435946	505328	121490	259943	94838	373139	121081	436552	440428	158259	81075	261831	429026	274317	0	381350	0	200990	182	0	567	1	0	0	3735	0	0	39377	320932	3679	0	0	0	145878
0	13566	1	30	0	0	34	9425	18	1	33775	1	0	37	0	0	0	28	95730	1070	4106	195318	339	348866	5822	9200	32307	35756	663969	13239	164441	625737	887004	397966	3994145	151449	190250	182834	10243	575936	37424	1019478	625618	842726	444844	91983	192199	93026	235189	119291	348162	400952	639533	475409	438372	393211	261337	0	331524	0	167907	181	0	563	0	0	0	3389	0	0	24074	259859	2502	0	0	0	126024
0	12781	2	42	28	1	19	9575	17	0	36209	0	0	10	0	0	1	11	84986	1672	3233	207781	539	328930	4966	8525	26570	32763	690698	10811	158760	582970	878726	414262	3918848	154776	237660	206009	9369	532041	34542	954714	614141	771808	467272	125511	175774	83910	324780	334127	323576	354425	590381	599409	531160	414994	242115	0	357853	0	187314	234	0	742	0	0	0	1918	0	0	18824	276013	2732	0	0	0	178255
0	14058	3	13	12	1	23	10025	8	0	39300	4	0	39	0	0	1	15	72630	1554	2535	256737	335	384743	4976	7196	21466	37205	693848	10440	139878	464016	857109	351120	3647613	131827	199972	215906	9707	563061	38459	889766	579541	759075	426986	165282	161295	82398	448653	346679	306025	344157	422358	430410	564319	441544	255115	0	390626	0	274799	392	0	498	0	15150	8	1279	0	0	14255	307992	1817	0	0	0	288523
0	14365	5	7	6	0	14	11073	22	3	39383	6	0	63	0	0	2	43	78066	1545	3710	204419	397	369260	4786	8791	21640	30650	768638	10702	153048	546620	873812	348554	4033330	142460	168216	231446	6734	553167	42168	786993	583089	861234	489050	151368	118622	55070	475037	347400	307566	346378	293382	600385	430875	491026	326122	0	455973	0	307339	344	0	658	0	3000	1	10171	0	0	14856	357879	2413	0	0	0	274729
0	14141	1	13	25	1	18	15145	21	0	46553	1	1	40	0	0	4	14	89549	1976	4933	220647	319	383858	4860	9782	27069	44149	778942	11548	152611	670872	930098	391393	4712795	167573	224960	231235	7479	570938	50552	904297	577463	932460	599295	123503	109591	51646	513906	399466	378902	374962	14238	587774	400464	441657	427546	0	512582	0	348153	282	0	627	0	3390	0	7271	0	0	18534	370386	2614	0	0	0	199900
0	12481	3	25	42	0	23	12180	30	0	37080	0	0	36	0	0	3	7	87412	1680	3569	197702	392	372998	4649	8837	23400	35782	656417	11223	153469	546081	776150	375637	3884167	132834	158425	200062	5844	504391	46053	942762	486444	507194	489841	84872	70494	31770	498196	424655	363328	397030	9949	421282	159885	405582	390535	0	374144	0	292130	366	0	1572	0	2314	0	5146	0	0	17159	333552	1340	0	0	0	149572
0	13790	6	18	69	2	31	15013	56	2	40984	0	0	46	0	0	0	29	100932	2701	3044	243707	406	381865	4502	9007	22734	34707	706837	11536	155711	570684	817182	413235	4110408	152356	163170	208970	5357	550838	46188	1043817	490856	656571	558048	85564	63232	24542	503173	501212	443375	374458	13832	363511	115776	471799	539306	0	442103	213	313089	869	0	1511	3	10060	0	6978	0	0	25457	322439	1241	0	0	0	135954
0	11070	8	24	33	1	44	10909	93	0	43686	0	0	19	0	0	3	8	78456	1615	3693	250930	470	447396	4774	9780	24363	37902	660970	13016	143946	496264	755065	397123	4158888	142802	182688	203283	6186	594071	44735	999977	473058	405382	514287	68085	56034	18775	717799	672511	417589	380744	14427	349363	120829	569881	366378	520686	517143	169	357393	9605	0	1354	0	3438	0	6987	0	0	82123	388167	1056	0	0	0	124397
0	12922	10	44	43	1	41	13671	19	1	46588	0	0	29	0	0	5	18	89413	1175	3624	244927	404	361265	3556	9624	25173	51034	630925	10035	137149	490354	745916	418830	4234970	135001	165364	182020	4959	556065	40568	1223184	442396	566656	519910	59730	54791	23272	756195	403761	489966	466976	20270	491904	127298	548287	361540	135670	557307	317	406439	40697	0	1338	2	6766	0	9377	0	0	191006	376601	785	0	0	0	134900
0	11186	3	48	28	2	65	16838	34	3	43862	0	0	31	0	0	14	4	81331	1472	3033	286441	452	529115	4362	7970	26053	41987	593156	11330	141728	531553	732198	387716	4189526	136204	169680	178225	4362	599480	37514	959697	396877	342562	475680	51846	52384	18561	717710	285551	483137	451115	23501	584599	140961	585761	403374	19950	571144	33047	396163	48377	2	4856	13135	9443	0	27408	0	0	368020	326698	1534	0	0	0	117893
0	13792	0	31	19	6	34	24177	11	0	45437	0	0	23	0	0	24	1	92715	1363	3031	337658	640	387312	4452	8287	25820	50616	655537	12079	204302	572141	750844	401384	4378044	141516	179297	169831	4489	642634	39639	1112563	376173	407028	533639	66841	60032	12826	714759	244752	531202	440718	46140	437756	194836	611571	453372	0	579565	34585	494662	101500	91	1622	14492	10528	0	59513	0	0	79204	399834	1525	0	0	0	151057
0	13785	2	41	4	3	5	30302	20	0	39344	0	0	23	0	0	5	7	80139	1431	4294	382764	634	366751	4419	9092	24364	46858	675524	11982	162453	538341	721454	430871	4269085	138866	156447	170906	4344	565054	40887	1147414	348331	563733	544583	68157	68690	9483	291283	155124	497445	618781	160393	435374	207797	613721	475950	0	735118	28898	494170	143685	362	1471	23305	20742	0	24817	0	0	48578	387408	2087	0	0	0	255859
0	12355	1	36	0	0	6	36926	10	2	42396	0	0	56	0	0	9	3	79722	1389	3306	411708	639	354836	3462	9169	28443	53521	606071	11190	148485	618790	727139	346395	3949561	137919	128936	141437	3825	602538	33599	1016053	336757	944436	529890	65694	54921	9425	218184	166685	445071	450905	615370	716164	653755	542417	417619	0	511093	27878	430760	135117	549	684	13950	26328	6390	16991	0	0	29394	308777	1213	0	0	0	121205
0	12891	999	34	1	1	14	40561	25	1	42312	0	0	19	0	0	14	0	105117	2044	3414	530228	776	400558	3515	9540	29447	48312	611129	11352	165993	633167	712820	330797	4058717	128837	131286	150136	3527	587570	30918	1151154	373357	952292	515581	54641	64802	8644	360850	426160	435158	450715	696811	785446	703705	608469	399292	0	540045	84816	427207	196937	1093	1364	18394	109571	3090	34338	0	0	20961	372576	936	0	0	0	109591
0	12395	0	32	9	2	9	47793	70	0	39746	0	0	19	0	0	6	0	88565	2010	2949	504971	448	481904	4097	7859	29877	48491	580683	13806	125742	818125	639268	303136	4072850	132356	141169	146155	2159	597977	30539	980341	372867	1046278	455800	49779	52870	9914	585005	382774	375917	397698	472796	402212	784588	665611	367701	0	631552	649923	449793	123441	2304	2072	9095	198179	1334	4872	0	0	17696	356381	1169	0	0	0	192939
0	15151	5	37	7	0	9	43891	27	1	42436	0	0	27	0	0	10	3	84129	1939	3754	586805	299	392822	3504	8030	29808	46205	608988	14275	151215	639248	718655	312182	4412724	143281	124569	150475	2362	572279	30431	874406	355094	968369	517083	43115	53781	10856	579219	406631	423687	442691	385416	408346	481015	804667	382018	0	594393	282550	584326	153127	12340	15948	12964	30045	3167	3939	0	0	18479	538616	1154	0	0	0	163433
0	13806	5	15	6	0	8	76694	48	0	44607	0	0	51	0	0	25	3	84262	1886	3157	763624	379	356731	3639	9983	23257	46926	613093	11831	143404	765477	768741	319110	4713178	127823	148495	157776	1727	576550	31059	971559	368834	1171710	544666	63586	71685	11228	598277	494697	427877	368011	25106	332125	374885	719681	452074	0	502887	134239	540139	384630	41817	89162	21338	16542	8863	6213	0	0	22834	482486	1419	0	0	0	136385
0	14659	0	23	34	1	0	67236	26	0	40345	0	0	30	0	0	3	17	86158	2494	2904	1306980	302	330175	4104	8937	24442	46696	611476	9130	166167	523745	627893	281165	4217465	114634	107798	146070	2445	529913	26438	816481	340581	553784	496230	109136	74959	6505	637804	557133	437465	361485	8890	307341	172790	573913	432189	0	504399	97680	486951	760087	322415	181197	47267	75933	11342	7767	0	0	29395	431585	1305	0	0	0	121438
0	14502	6	53	7	9	0	65642	28	0	50115	0	0	58	0	0	2	2	85202	1519	2858	1630370	458	377855	4954	8618	28539	44298	602003	11356	142964	609567	579866	284649	4411209	119301	156863	137196	1842	547056	24685	869673	381094	470523	514177	115954	125921	5834	577262	490509	471309	412521	10035	237037	118746	560746	451949	0	466498	105812	446421	829404	1002599	611529	132195	80579	21816	39613	0	0	41549	493254	1833	0	0	0	126438
0	12257	2	35	3	0	0	61101	30	0	42230	0	0	17	0	0	1	0	95052	1629	3095	1325275	406	380715	3690	10209	32991	49169	490011	10068	140830	543269	569762	270613	4399520	107376	114192	129540	2013	507256	26360	927111	336365	461958	499431	90522	100633	4541	816685	679437	495891	382309	9619	281674	132835	517187	637646	0	410117	97142	508341	579623	846527	534556	568441	140673	13359	59781	0	0	120344	486982	903	0	0	0	196381
0	13963	3	29	4	1	0	71785	35	0	47783	0	0	16	0	0	1	0	84760	1351	3531	1286712	481	481149	4491	10269	28195	52383	541903	14239	152872	585547	580616	272953	4504297	111699	111254	133302	1728	528732	27878	877618	343618	358070	513394	127660	104150	4457	1076452	446529	624783	380052	18213	235925	147778	580117	510783	0	538058	109603	414521	320254	817118	278916	434920	819044	11221	87067	0	0	470599	455249	816	0	0	0	165884
0	12547	3	21	3	1	0	89154	10	0	39900	0	0	24	0	0	9	1	73415	1056	3263	1360553	450	479079	3798	8949	29315	58739	562710	13330	154349	731595	579626	250732	4595728	133009	150901	132408	2647	545299	43611	750947	323162	262409	462234	124974	108144	6067	954025	329506	971711	457047	21497	265392	155271	720563	437063	0	743382	85834	408570	283436	804994	192572	175829	932549	25331	45662	0	0	671905	417320	1430	0	0	0	180813
0	11791	0	39	3	0	0	91374	23	0	39279	0	0	12	0	0	33	0	89831	1205	3245	1876939	732	396169	4434	7681	30777	52084	495552	13668	155670	864780	510128	243173	4886961	125231	137712	131073	1766	568196	33173	620529	293004	281756	431973	142391	128272	5086	859499	228640	545683	340307	38959	202866	162549	768705	519278	0	496322	63137	496889	255640	937384	145831	112684	678132	1677332	168174	0	0	161155	480236	1217	0	0	0	258687
0	13119	1	21	9	2	0	81334	23	0	38294	0	0	35	0	0	72	0	95076	201	3276	1465028	591	461656	4235	9912	29761	78852	513202	10458	135489	677032	579473	245307	5116323	117094	163860	147899	1614	539831	35804	706350	243666	442883	458353	183253	195778	3305	363414	161944	512087	569483	167854	271249	215738	582458	654389	0	472014	62866	408527	150	717105	76480	98026	741399	757049	789567	0	0	63245	539455	1112	0	0	0	432211
0	12238	2	32	7	6	0	88808	21	2	38861	1	0	41	0	0	107	0	88103	287	3385	1798969	656	399527	4652	8441	41597	59599	452094	9433	162140	602345	589939	206016	4529097	105781	111980	137825	1771	498003	35256	697098	231080	962343	439044	163828	133098	5549	228750	233359	424358	329964	657638	516969	801696	572037	532149	0	429209	63240	339182	48	1024755	57341	90842	449451	317736	125919	706591	0	46249	350597	1728	0	0	0	557378
0	12042	0	14	11	0	0	87286	27	2	45377	0	0	8	0	0	120	0	72086	301	2900	2248505	1185	470172	3692	8314	52615	59218	507865	8950	159957	602987	550671	212218	4755808	108357	143741	157630	1495	525297	86298	930971	203313	1003360	439087	337642	105295	3492	421306	367423	370970	332080	699119	491893	812413	541114	471343	0	455279	36427	352887	44	1616763	76062	129604	571090	218824	91655	1230987	80139	34180	322114	1777	0	0	0	407726
0	13169	0	24	2	4	0	103792	32	0	39610	4	0	23	0	0	60	0	82339	547	3049	2654568	403	443281	4607	9034	29414	59657	675908	11555	178045	620637	538549	201839	4738091	115952	147101	177807	1782	504731	124158	701110	241103	876291	425346	370761	66624	3595	593595	392558	364395	269441	481531	242717	768485	636531	413558	0	426773	33935	286772	5346	2225685	106392	98766	604257	196304	85416	768408	64919	23446	322840	1080	0	0	0	328593
0	15719	0	25	2	0	0	101989	23	0	40255	1	0	6	0	0	24	0	90411	512	3371	1797923	610	484584	5212	10337	41847	60663	559563	9865	162635	766271	627594	214223	5121184	105578	174613	169170	1232	572916	78472	619382	223276	1025385	481206	233859	30589	4565	657998	414984	407323	422001	372526	208166	561990	620686	433511	0	506032	27506	324524	2211	1278374	114542	63650	531502	201047	58683	850527	104037	25716	416695	1248	0	0	0	240506
0	14101	0	37	94	1	0	109674	29	0	39543	2	0	14	0	0	27	0	87618	336	3173	2230022	1072	504531	4950	10973	39593	77266	760259	13205	170450	1019007	618614	209829	5313844	114278	195251	168631	2183	516509	70557	597176	261513	1141216	489339	122123	30829	4931	794890	491704	447696	293087	19933	171384	388564	946227	614675	0	449693	31673	393956	80861	1584971	135767	83316	519692	128645	18978	771331	459621	29480	404581	2215	0	0	0	232578
0	10198	2	20	78	0	0	102767	40	0	41869	0	0	13	0	0	7	0	86215	477	3237	1970906	647	418854	6232	9872	27607	64324	605640	8901	139259	836502	559086	159700	4450138	95728	134193	154957	2273	462347	50686	528251	194437	528852	456833	63799	26249	3362	931761	465868	423087	217506	7446	154788	148832	796761	473500	0	376510	27702	312385	55904	1527617	74405	76967	452224	139398	12751	596243	434701	22738	399193	1684	0	0	0	204951
0	11686	2	43	10	2	0	116088	10	0	49001	0	0	14	0	0	22	0	97784	212	3799	1822765	906	562150	5035	12261	30264	62936	596318	11150	178170	819574	599386	189745	5139373	92982	140248	161725	986	530916	45529	562226	171173	634309	483598	52082	26875	3714	889785	582223	533090	265045	8141	243781	106166	659547	590314	0	405351	24526	317076	44100	1362541	91168	132121	531845	145913	54542	703726	618493	34644	477516	5075	0	0	0	200253
0	10647	2	14	5	1	0	113816	17	0	48476	3	0	10	0	0	8	0	105017	256	2977	1411121	733	470602	3650	10391	41457	71602	558173	10253	127458	868839	586525	176128	5062204	83938	130539	158963	894	572805	38864	568085	172629	519623	477476	52237	23607	3896	1179878	820757	591936	296829	7956	235064	123445	722775	797180	0	414613	20529	276955	30539	1184375	37397	169891	412717	102701	19724	755562	276755	30519	345107	5094	0	0	0	203712
0	11570	4	17	13	1	0	132208	12	0	38889	3	0	3	0	0	14	0	91449	416	4537	2030218	597	464367	3703	9282	28913	64188	600409	8208	139136	988527	586451	181332	5477134	87311	103718	147136	1468	575095	39337	716368	165717	357950	496050	47729	24797	15174	1246108	636822	572163	345972	15856	246326	120837	738588	524949	0	349731	22630	264147	36534	1222203	41284	101901	531165	87123	17153	754433	229251	46042	397599	19138	0	0	0	183686
0	11197	30	27	1	0	0	133491	8	0	41131	2	0	31	0	0	11	0	105279	340	2904	1818730	695	576212	4347	9183	37715	80326	493327	11946	125125	909968	540415	176504	5236466	80248	108817	142346	874	529433	48009	574660	155311	298468	454643	74500	26842	14738	1514850	486157	577037	300765	18485	156774	119794	755199	488149	0	408458	28035	239844	24831	1158567	41031	69094	494513	131775	38369	635226	285643	66685	404619	45277	0	0	0	180961
0	12101	2	22	22	0	0	146448	13	1	40466	1	0	19	0	0	5	0	107387	194	2635	1711093	626	423190	4213	8467	30978	78413	526628	8775	127140	742816	529963	175491	5467148	77016	103347	149080	1285	515592	46755	625716	136401	320094	492168	55807	30214	6666	1244082	256679	599870	286137	49142	254191	159537	647180	559069	0	378380	28001	427332	22498	1042966	42216	64492	451417	168037	52699	744117	218672	416308	461878	43795	0	0	0	192038
0	12332	10	23	3	1	0	133585	11	0	43743	1	0	13	0	0	3	0	112193	120	2546	1824215	844	459527	5009	9493	27217	80584	690871	6749	154171	741492	545197	161880	5251325	74096	98970	143110	1343	491742	40693	586508	157432	486398	466621	67292	28548	7486	671848	157833	870775	499377	186670	221515	230153	860524	592095	0	310989	26752	303086	20875	1057483	55061	51465	495118	108466	162369	721784	211122	960838	393652	75989	0	0	0	176475
0	10648	5	4	2	0	0	161388	6	0	44106	3	0	11	0	0	75	0	124032	72	3598	1390463	778	459369	3718	7616	54123	93041	560067	9108	147933	777276	601242	182644	4972721	76506	144826	136374	1598	494044	39742	633110	145882	1111510	493402	68969	23226	6009	581403	199269	677921	259247	767832	848377	936380	794975	462322	0	275943	26272	264692	24945	904159	55082	42348	344086	71985	53925	549691	264958	140380	389508	99782	24010	0	0	167532
0	10759	0	11	21	199	0	141011	18	0	38715	0	0	41	0	0	6	0	122283	92	3473	1587908	458	551312	5419	7070	41961	84239	649334	7131	129503	761770	546704	162146	4829836	68214	117673	136331	2086	499816	41339	903550	143783	1185148	444589	116339	22185	5156	919712	495650	586594	282849	765196	651544	869806	914664	505115	0	382139	23372	254563	23870	1061293	46883	43442	342180	63471	23915	459894	284235	44892	405540	108036	133705	0	0	165954
0	11492	2	12	21	1066	0	152037	48	0	40557	2	0	17	0	0	1	0	125764	185	3223	1618869	568	809146	7003	7749	36518	82924	532668	10549	160834	790815	570781	143071	5020776	62044	126594	128179	2266	482647	42435	756755	143202	961835	544372	122663	17833	6666	1050702	425738	506553	302196	577047	425797	978163	817763	468235	0	315848	21340	215770	19922	1001873	28519	36424	411330	50302	13792	317593	296721	30319	469110	168962	112023	0	0	329874
0	9363	6	16	6	955	0	136781	49	0	36501	0	0	24	0	0	12	0	114776	153	4031	1753120	1167	602761	5531	8123	33976	61676	563408	7454	173208	765709	547563	163029	5245881	68336	137822	141149	1632	450581	46785	517213	138156	1220266	472650	73953	16045	34871	960388	421082	590628	222015	428815	477377	710360	796617	378046	0	331862	20167	196942	17238	931857	88966	41989	306395	55118	15025	343759	285344	22564	601966	376721	153222	0	0	206717
0	9926	4	29	19	303	0	157332	60	0	40614	0	0	15	0	0	2	0	118836	167	4423	1833158	1569	529841	5646	7465	34287	87611	590949	7933	141021	817698	574825	180129	5189038	73311	103289	169344	1701	523803	45259	543698	137784	1286262	531790	59256	20040	46877	1076224	431350	696658	259946	19172	329782	501530	786220	654968	0	284984	22808	326347	15912	973504	108557	58124	401849	46661	23971	301485	393145	29495	508583	812464	285574	0	0	277888
0	9574	0	17	10	174	0	149914	78	0	37234	1	0	23	0	0	1	0	112502	65	2936	1772217	296	537869	4708	7393	36625	84367	571694	6777	144469	632136	614102	174171	4881624	88313	111764	148407	2137	420867	39395	543706	128349	659657	530100	48549	14857	32597	1212765	571794	607322	245296	7545	171567	140036	884024	446367	0	249451	20791	238719	12808	862473	69726	44917	355917	55352	14837	322124	273746	23141	460491	502807	422593	0	0	269831
0	11175	3	19	4	106	0	160619	44	0	39723	0	0	9	0	0	2	0	128385	85	3366	1979959	644	640623	4194	7927	34877	76712	603167	8235	159797	858997	668410	171554	5372956	92279	96151	165783	1961	424587	44336	601517	125373	695646	549418	57527	18339	27802	1050198	506360	687077	293856	12421	190489	107328	871283	515832	0	234696	24715	262453	11414	848672	65514	45119	362451	56395	22627	315134	315746	26623	492162	347503	689518	376	186	239345
0	8985	1	8	3	4	0	140899	33	4	44878	0	0	22	0	0	4	0	106749	96	3253	1742590	1171	610584	4223	8350	18249	61515	630597	6044	135521	860540	764818	173731	5270802	86188	78222	167528	1822	382839	44463	547765	101758	567554	550154	53863	17569	8238	1497971	819003	804534	279581	9378	204453	143143	755739	855224	0	236014	21712	234309	10228	773070	48154	41921	364301	80344	21371	327206	232786	28495	472154	287254	976493	943168	1024	258517
0	10177	1	44	1	10	0	146124	88	0	49496	0	0	13	0	0	10	0	97354	64	2243	1722129	754	716858	6776	9148	31493	64144	691721	7140	144157	902518	808595	190739	5518956	77859	107926	149020	1381	443418	47648	574706	107001	432776	539402	94915	15043	6038	1830684	611282	835104	329937	15206	398670	190103	794269	475725	0	242367	20838	214770	9304	824002	34332	39141	312064	62372	32171	256527	291184	22401	464065	238243	976703	2150	25113	244029
0	9128	3	31	6	2	0	147678	125	1	50799	0	0	14	0	0	12	0	106488	49	2340	2031935	645	828269	10873	9252	27838	101262	729307	5266	131567	1062785	793790	196421	5348034	83661	97373	163306	1946	385867	54952	519370	99141	338932	469379	76063	16789	5479	1528463	356225	1649701	354245	20529	370839	132583	811815	461109	0	233397	26162	213247	10188	923156	49184	41754	258503	78499	31690	270782	372254	22567	405989	187251	1037228	406	15879	214520
0	9684	3	39	7	0	0	157629	126	0	40500	0	0	6	0	0	37	0	141910	32	2946	2048489	644	635768	12138	9612	31397	103008	775749	7154	155088	1079831	894537	222281	5652413	91503	67865	166049	1936	400175	52703	551307	108135	370722	501655	70372	19328	4318	1438993	280738	1425827	241953	56466	302160	152928	802742	482487	0	246395	26515	222844	11097	917770	37425	49132	244307	103794	311677	268076	277340	29314	519714	143774	1375311	513	1529106	419262
0	9725	1	34	9	0	0	165846	77	0	41733	0	0	5	0	0	83	0	154570	26	2188	1969570	603	628373	13871	10974	31309	65290	734556	4918	162304	890678	907073	207370	5765531	81914	69987	169566	1581	378203	49572	580657	90028	566417	570018	58669	16410	3373	608077	169472	777142	465743	214122	446917	393829	805757	549507	0	243343	19900	166885	9231	846622	34169	40069	227492	93085	334287	329675	254244	29075	402529	149519	861274	401	66458	729061
0	9844	2	33	5	0	0	148406	42	0	49307	2	0	15	0	0	37	0	110677	39	2589	2245297	571	711163	13910	9625	30074	76279	642848	6617	154483	807133	944753	218703	5239698	72742	80666	155833	1186	399574	37927	597550	88674	1382538	515025	55492	12158	6623	447913	203602	591335	239526	911028	781786	1078299	618995	418971	0	232249	15228	224914	8201	975836	23186	32609	161267	80668	87575	252057	284301	24043	385893	120329	799486	323	37393	670696
